{"ray.jpg": {"p001": [25.879240587459652, 42.79224569839202, 36.837058051021195, 56.710954345552445, 29.476271897679162, 31.689859959349565, 29.551535389763554, 48.517482361422296, 46.11834518132954, 35.345677937429876, 56.80434116238055, 29.54043524909326, 32.033123866404246, 27.322684701913285, 31.27880210632502, 42.9442376253402, 33.60072054840168, 39.795308421101375, 29.87131443972535, 37.17798887050389, 34.571341457043296, 35.035414095319716, 45.53618001474734, 39.73577773628364, 35.88327789540977, 25.983655930664952, 25.132710338192787, 36.953041738253496, 38.83769630077376, 34.459413583784205, 26.271577119236312, 27.95169829466927, 37.17632542787155, 34.726844684417, 38.180330832068584, 32.087137448035655, 27.727354654309877, 42.9385507440421, 37.18285575780499, 30.883445606793924, 35.88187211529467, 47.345862156282045, 38.75026782621981, 28.78199704255407, 32.269289889222655, 38.47592939461942, 38.04905363397109, 38.23850646777521, 27.957466019463194, 38.80128140707046]}, "myesha.jpg": {"p019": [49.57583784041371, 79.61846715943483, 82.62641008847687, 77.51910087105885, 60.81190465923601, 77.04062771448756, 82.61919150765169, 47.318500141697726, 79.88637197343495, 46.76828671929831, 59.46486419289737, 67.02982328948688, 53.90413183087291, 62.26799216575796, 49.8020607370936, 63.91265310471804, 72.10635903953634, 68.42310122490342, 55.61629773658988, 59.49959731468133, 77.93960843185343, 67.03074754570667, 76.81658362946553, 70.3858359930928, 62.83348399027072, 73.79813723577458, 70.35597448845927, 66.94348132450389, 64.99765699673382, 62.83562135544858, 61.67063659458558, 80.50741509121029, 64.8779027798066, 64.62807230235667, 49.022099349084925, 45.66955876166597, 71.43117825930814, 42.315873522890094, 33.08612571375476, 72.98198735825821, 66.59508166631947, 66.51235825815972, 72.1620031000963, 65.28946537029765, 81.56079756746148, 57.82937296372237, 67.16746809731985, 64.10661017448199, 67.17358944251751, 58.16830820315513]}, "nathan.jpg": {"p001": [14.394882251175204, 14.54272427063676, 20.79018271624729, 18.04701693443031, 17.495062082337533, 18.04823341683212, 18.056294203487546, 16.046447206600714, 18.931113995868508, 25.099228837589422, 17.084893204798497, 21.699830108314234, 15.288883467080247, 22.301666373681165, 14.688556109345344, 24.980089776380773, 17.41049196126288, 16.05337420007799, 16.280285097631726, 20.59595660745166, 16.020711200777203, 16.727035315253737, 16.945124940146954], "p004": [22.027975942274168, 29.126323894255496, 21.43254159852897, 12.205970242815631, 27.52838819060032, 27.307102534080258, 18.582280225396477, 22.278368651638964, 24.118785537676995, 16.320955480599412, 16.661542583542722, 18.371040407963182, 18.632454709623726, 20.953339338007854, 26.633071817241493, 24.44599137104832, 31.478063998122995, 29.791042000555517, 20.87324298835747, 18.959406290944976, 27.586960182836705, 24.97898566650923, 22.334815372053495, 19.037409500934867, 22.11128115314791, 23.954288766455043, 25.46949886418876]}, "matthew_perry.jpg": {"p002": [24.095021193473904, 20.364567642920115, 21.930205369174487, 22.822359670617402, 30.035308689068163, 15.258026273680514, 16.037447191360187, 36.23445167819241, 24.943535895969013, 17.286739672274624, 26.47017213443565, 20.42836684909652, 13.143814951891141, 14.769817539662345, 20.851399856102635, 20.389788858883065, 19.141838231616244, 24.359504204389747, 14.941883861127453, 24.004298841720992, 22.281767585821385, 19.827297123271617, 13.467527911163376, 20.485487267815618, 18.757390800878774, 15.206757658620376, 15.681982123956416, 25.80180675109109, 13.652530472747976, 19.360204950636113, 31.88650840734908, 12.817806109717747, 17.924434081646385, 21.541839459111113, 18.430608764205772, 14.860600842632204], "p019": [14.608275530943542, 16.91907566977135, 17.166278551085274, 17.186537302286016], "p020": [30.6710671382923, 32.26554435716583, 30.198347720098557, 29.741986606188657, 29.670635180213356, 31.582697134146564, 33.19178451141533, 20.621525470910928, 21.257680681022247], "p004": [15.986914568909002]}, "lance_reddick.jpg": {"p023": [23.419966222697024, 30.38757353529936, 37.52757224198249, 53.103841436688604, 33.87579492925287, 33.29192694173428, 30.692296331316943], "p020": [32.810507729286776, 58.04297622496547, 36.86747129092275, 37.090274476263744, 37.40072378428937, 33.24345373168525, 34.05534491254527, 52.52880846867859, 32.56096941016845, 46.58372871767782, 41.087132251214385, 25.628588954354065, 44.96437833378262, 40.14602955985255, 35.74189742157342, 45.952175952961646, 49.60098781270298, 50.424025963099886, 31.19934613483421, 30.2967331915317, 32.95961479499469, 28.186948639895064, 59.35104062271509, 50.39736901316165, 33.59320021495365, 60.13312617817307, 27.7512232411657, 40.79914079682611, 39.80378428623471, 35.32297699623314, 36.37827349886327, 32.65230773024902, 33.347341053090624, 41.39214475959767, 31.60232141311676, 51.33131450343827, 34.93338478934694, 23.735425725112513, 37.81071067069912, 33.76523746463555, 36.226398471999936, 44.813207693708854, 57.96677323746633]}, "mel_gibson.jpg": {"p020": [68.02361897552126, 72.52563325004189, 51.21665264792112, 55.93723164817098, 50.04065454904063, 66.69878968485371, 64.81045048659193, 71.63741793135272, 56.55820287945497, 49.47269535163344, 46.66667615521424, 54.441303319019184, 74.19275759418393, 46.89866151509515, 46.025167934134245, 52.79298659533488, 55.22235940211589, 44.66905832668678, 83.60155846718065, 43.20078242939978, 35.70779547206565, 41.784771003875974, 42.05164055054265, 56.71125934709943, 44.019147937804924, 58.738340884598486, 61.83016251073534, 66.16209733454069, 67.37694329991695, 51.06472358987143], "p004": [30.449762570053608, 38.617421612260486, 49.02116621939059, 29.753234427340118, 33.54949159840587, 34.955122305782744, 34.60818925941409, 39.85183802005485, 37.00248811621684, 39.38845096633561, 40.630352265797036, 37.10288185006132, 39.31310526961519, 41.02535564087153, 32.09276014766728, 39.05789443553924, 33.56018067313068, 39.9925733688313, 31.93657163494511, 35.685136068108385]}}