{"aisha_tyler.jpg": {"p001": [17.567775601628785, 13.959513494137163, 13.911578903528449, 13.701957532574355, 14.820655108408475, 13.950525121531168, 18.00207721424024, 13.108790190894009, 13.17040369732266, 17.726619136840668, 18.272989290335854, 16.011617115306578, 14.609248694976348, 12.71716727902196, 15.429326783662342, 17.303062241852864, 13.595132932226262, 10.763956560110124, 17.793485349880658, 13.759885064268888, 18.222354669642172, 17.09982980573322, 17.286420174054758, 12.727204818286364, 14.48344346508347], "p013": [18.201983016621742, 18.808216296250194, 20.910146281910926, 18.51072822465332, 18.54742911440696, 14.594144278316278, 16.944053668257094, 15.0729823103859, 22.69772515558665, 16.247355513082923, 23.970513513096936, 18.938157400246943, 23.441571462839004, 17.403778953595758, 18.30887020816309, 18.416405296053195, 21.12759452624127, 16.614658669535054, 17.07827412247197, 16.567599631209287, 13.717585531856546, 10.957223557827724], "p019": [16.117473239129634], "p018": [17.580174664782465, 17.372821987355273]}, "helen_mirren.jpg": {"p006": [18.233365075278673, 10.52305068677786, 19.369615344637168, 11.560735000188375, 12.671889059929613, 18.175708307965625, 14.12262924696018, 13.514280129917092, 14.3926526530406, 11.699001251528268, 16.57195254967853, 14.022283539277439, 14.180333438718357, 14.067660889841688, 13.840595022551708], "p020": [14.881485680105936, 19.140998805647563, 16.277548776238397, 18.873499884091373, 18.555043160775604, 22.44644966314893, 18.635503557792095, 16.829471391140938, 15.74801630128684, 14.567486811024228, 16.39387074614872, 13.047564272943735, 18.25823308571519, 20.75815834604934, 13.974376073346503, 18.60511120160285, 22.58059551702884, 19.09119402970546, 17.565698914220302, 13.966474491308814, 16.20689605354731, 16.58546506556931, 15.703457259666513, 19.15190948458887, 14.040100826549201, 15.747165364866472, 18.336609274359947, 13.389268863426839, 21.01627068717952, 19.252854274179608, 13.736531809067648, 16.402860045160708, 16.12702946014664, 17.376225025699853], "p019": [12.243462377083844]}, "lance_reddick.jpg": {"p020": [16.788252099156487, 14.316885656885045, 26.965262838456045, 20.87104202078175, 18.48972081234778, 46.89209729726812, 39.844355718144925, 24.45716707366123, 27.184232446079058, 26.71084829675594, 30.095809154822323, 25.137540695230694, 19.47582787749772, 27.662072805610112, 21.912955808627853, 47.857861252407886, 21.544600333525928, 29.221111456388726, 23.460330239315308, 18.942043379303513, 21.907255678085637, 14.7164775425405, 23.130300776258146, 21.486986929903573, 19.7573566567449, 18.252008038687016, 20.76935152585478, 19.88454818213996, 33.579458025526954, 15.213615194340512, 23.534450037289172, 41.6902667156659, 27.0020626013737, 27.89289518159982, 14.344428788969793, 24.470033502948873, 16.30913938180681, 20.51653110139351, 24.86988244732629, 37.42507352948134, 20.59018733089691, 17.960191757532552, 24.20255984707874], "p022": [20.59519055791735, 15.82744100144556], "p023": [16.823109899464338, 17.290197365987417, 17.44197618245898, 18.13291905820256], "p019": [22.489514582782714]}, "matthew_perry.jpg": {"p020": [12.373920930460056, 15.347552012631871, 13.428131994820708, 17.22313272510281, 11.427636664555541, 13.876140174977122, 15.416815222586298, 11.444549709501832, 21.578145412397937, 12.789006733636718, 13.487850998631556, 12.146364256664114, 20.11482932881842, 13.370963722318535, 15.81727297993144, 10.733759940727355, 12.095021821466165, 12.228338668747467, 13.509791618572878, 15.857986484733539, 20.925934593094343, 15.98965592478615, 15.400541100991404], "p002": [12.304037624202946, 14.357144137113758, 10.3994966006762, 15.755334044033997, 11.242115785952587, 10.639139681199222, 11.126463346080113, 14.734883185655606, 11.556041245490983, 12.322238793637897], "p019": [12.091201892979054, 12.445459716101247, 10.948738398506732, 12.937549098460345, 10.9558847115962, 13.09734055895725, 14.770685244219846, 13.30083684144617], "p004": [13.184295072781218, 11.778913084045223, 11.04947977249251, 11.509803724868128, 12.151054708641338, 15.59807678434769], "p022": [12.309555292225651, 15.020237720085417, 11.233117235630338]}, "mel_gibson.jpg": {"p020": [18.148201112421475, 34.04544475664879, 33.071230860569116, 40.17687432142332, 44.49092545946887, 42.541832339587984, 30.01448432170357, 26.805908376528087, 39.60000544361817, 42.06259483743941, 23.101016915919693, 36.38029100241126, 27.9528336221035, 33.09721197564468, 44.176530753518314, 52.198222661574235, 29.298569015307063, 36.31465518788312, 30.84555576844636, 31.68095315362277, 28.493620754867273, 32.4247018759004, 32.58294785713537, 41.24010490343413, 40.39125671212761, 38.16859927149313, 39.94285076789839, 38.30638927221841, 23.531285964137936, 29.368694198693845, 34.667919013745795, 44.316446778875076, 21.361768315108044, 29.51526949976941, 21.370479846438467, 30.98900467235387, 30.49743208303678, 42.66840237590732, 37.320987735998166, 36.41424007437213, 27.180191475257182, 27.11512296684797, 24.65593577539237], "p004": [24.946183176146953, 25.223985743147846, 27.757087273001492, 27.26447327369439, 23.70569379186852, 26.859269052423752, 27.99776994888252]}, "michael_cera.jpg": {"p001": [37.032839680652, 31.786552479377043, 30.316828899102116, 31.097453238157158, 29.32486497829725, 20.265221553650175, 39.58301164164622, 33.31749244556342, 38.07276922532024, 47.302515374332515, 37.05558171868593, 38.1602178413675, 49.87572940283219, 41.905453521982174, 41.74678906008425, 25.125119263519913, 34.15180294990539, 43.21193372351053, 32.97274079304918, 23.813056125221095, 42.01399577857461, 33.22252762715804, 54.06967904401401, 23.9946903653143, 30.553953093949936, 33.07588256792265, 38.728738458965424, 48.80671444015562, 40.672372866560934, 30.55326865444123, 42.10523516226841, 40.334490071012205, 35.98643453323991, 27.6064777177671, 38.0249003747018, 33.630465018312705, 33.00739310775438, 33.29125117417874, 45.59544142062279, 38.12767044041998, 37.11280978676086, 42.05471317208953, 35.53681110323527, 25.649937195140215, 36.276491562347964, 26.662626484073044, 41.230461880297376, 49.49870098045207, 40.91475367174837, 35.35713386103538]}, "michael_pena.jpg": {"p007": [16.22714707516163, 18.1354427609517, 26.505813974064452, 15.19339693960835, 15.525594462306843, 18.3496099278447, 13.396032490955731, 19.895974239244033, 17.362316811414296, 15.476383393876672, 17.065685811898945, 17.1492413804004, 13.506666860109789, 14.925164628282694, 22.41226257536848, 14.474396732781855, 20.12562659219021, 19.6546870188644], "p002": [15.335975790312114, 13.316328324913632, 14.387984943996129, 15.505559158649671, 11.114519092497988, 12.719648467075489, 14.173614554668612, 14.537487313102156, 18.21666237136777, 12.827444844852884], "p018": [14.19114682718419, 17.095126788159675, 12.425625605430692, 14.669848183851425, 12.82654592701439, 19.81287000372456, 17.521303191145876, 17.297329567947603, 15.292164551361601], "p014": [13.99874099506605, 12.088291026832568, 13.36610552517733], "p019": [13.316526012952398, 15.688224156997174, 12.771520017952831, 11.437173574559097, 16.326099011152266], "p020": [16.493436191972393, 13.4452693556847, 18.787863030020073, 12.847691896144427], "p001": [12.775689647577474]},