{"aisha_tyler.jpg": {"p001": [15.11691668844046, 15.125022988992262, 14.743174466958212, 13.365291447595931, 15.45684862871766, 18.620051501803566, 15.353519581246635, 16.262407178130346, 14.155726107821549, 21.353876755210766, 12.660089238923963, 15.154074726851153, 15.780461722656868, 13.053282504695385, 21.243836019924384, 16.110484134227747, 15.405756484011047, 16.979836341819887, 20.688918876291392, 23.18553533499905, 17.847689428641445, 17.066712245449246, 18.2079176543143, 19.297438572854176, 13.684653181170944, 14.222675199217013, 17.13699951985567, 17.665674230780446, 13.623340133244794, 16.784427777698845, 13.238142607130987, 23.45788035461779, 23.216998880637707, 16.601089182951753, 13.363680561025129], "p013": [15.72607845261895, 25.521822721404945, 22.20427085314329, 26.718220848881103, 16.23601676832851, 31.957212447746013, 28.681376447034886, 24.055673480035132, 28.47166210262076], "p016": [15.334404433651208, 19.151268344731726, 15.598211375557261, 15.499066888028942], "p018": [19.682625574836184, 18.47726192211019]}, "helen_mirren.jpg": {"p020": [41.089106901902994, 27.296864480034838, 21.797855410794835, 27.09092432981753, 19.346692803648033, 26.393800499578813, 27.934615011299393, 28.80193148258433, 18.37313077836285, 23.077598596327988, 27.431825213286885, 18.638069479898725, 22.96406581936001, 28.891315373918285, 23.538157051080127, 23.549983433834907, 23.99069835815683, 24.166451996823966, 24.800786817758375, 29.181019876759397, 22.73879291749459, 21.257698041639, 23.618109184303325, 34.660872234035246, 22.256669971168687, 24.540611534071054, 23.74243830648713, 25.995282324718573, 20.90707327790828, 19.680049135983094], "p019": [17.97040526934495, 16.67651193669585, 19.143171551808855, 15.912875476477186, 17.665761708204627], "p006": [16.00070888061838, 20.747393925088694, 19.090145183019267, 21.451693575840544, 15.351672705019629, 27.237035712067804, 23.937462558216456, 27.528144435390868, 20.386751717125534, 16.642230914540846, 21.137705244364017], "p018": [19.988200598269774, 17.811419249968907, 21.696580394557035], "p001": [15.402040882859161]}, "lance_reddick.jpg": {"p020": [66.64669944213514, 25.61001496336458, 60.1861519047381, 31.572329509195974, 33.98573178469964, 33.6201803997577, 36.66585147414374, 38.1437632417948, 29.58264899568009, 29.246619127748453, 42.12342333858988, 47.04624695092905, 33.77073509654882, 27.986620535908717, 35.693964467851885, 27.87532871838764, 28.073951919582097, 37.21665278849594, 61.0774259930942, 27.51568216642329, 56.46201621080551, 38.59493250828467, 39.33988718601269, 39.56278881163951, 42.49446419394192, 22.496433795315326, 28.51655921635964, 46.72422008357186, 33.02452591737462, 39.786169754302506, 31.699453085010205, 57.95138920833346, 28.540153803889375, 26.611284683716068, 26.530158500793714, 40.530093795138264], "p023": [21.869703620624303, 24.129223913572613, 24.055291865766893, 26.01200932461921, 40.740898534739095, 22.04115719373445, 27.701922231394537, 31.318763478980678, 36.501196335648004, 28.104166864078785, 27.794763387634436, 22.028571216886274, 25.691555238043268, 36.60781021897324]}, "matthew_perry.jpg": {"p002": [23.493724232332465, 16.981447200935644, 22.697414543190785, 26.055226441934654, 13.205961316551045, 25.20303813585042, 17.32722271359018, 10.951822052307943, 10.522211882329048, 20.834737026342793, 23.658671892137047, 17.0556560794656, 17.47789491371183, 14.839227694311072, 16.98681008124986, 18.43669750267816, 21.0122280935563, 14.85181710899382, 18.969892964618666, 23.305050920694104, 28.277928834453608, 15.470612672156625, 19.77818762979193, 12.088371247369746, 13.484021747963695, 24.681995959303414], "p022": [18.413603939986988], "p020": [28.29828623761705, 24.543733835212016, 26.53290112472365, 34.42006996355472, 28.078666699259248, 29.29846868438014, 27.808500693568394, 30.408417341959492, 26.6487490502488, 32.7620724502529, 23.593368872636958, 23.121210524551863, 21.582999678667086, 33.06454032102755], "p004": [23.31866756789824, 22.660331694034745, 11.563314564092277, 14.834402079067818], "p019": [16.831154437661333, 15.714986866700917, 14.384968307269839, 13.446201210655829, 17.167327438276242]}, "mel_gibson.jpg": {"p020": [71.82186424948586, 43.02937751016284, 37.15057440020348, 67.58937633359939, 51.733067023059554, 58.083027549561585, 40.89414652816361, 54.19322921081421, 48.94058151245165, 53.90377589019847, 63.92951109755726, 37.584458953961686, 52.07714531699349, 48.98257118420531, 38.24957881021185, 44.44382285591833, 57.94491569384624, 49.736700016206015, 44.975936461864144, 56.70014642430584, 69.05091415031548, 66.0444238135813, 74.13545282590495, 65.02741669563721, 41.92334777966866, 40.812629586552895, 54.69413014292254, 41.05653132741544], "p004": [39.37788360935027, 33.63501651119254, 32.87396149973301, 43.63858374965143, 32.355024901230955, 32.594454656358415, 34.38682646475738, 39.460256205574225, 40.53348592214841, 39.02135535684248, 34.8880110241616, 35.69604369627166, 27.161742420784783, 43.420084977949806, 33.71244981377315, 40.922813857613264, 37.924130473830445, 40.587895085696985, 39.69840878311936, 25.77808501862256, 44.02524669298234, 41.572052360229385]}, "michael_cera.jpg": {"p001": [46.77043268648094, 24.734380237581565, 41.30108974083998, 31.96561585088662, 47.04303336616193, 49.787540740231194, 49.179629694819376, 32.003808808391604, 49.60208691916725, 41.22721033506498, 43.78799746127144, 34.519016244069, 39.223152341936704, 30.21707545957353, 40.5521559618015, 36.42782134774808, 21.604421120642712, 27.730171875638554, 43.46505173091275, 27.13829981776427, 55.27538269675887, 32.331700700337116, 40.88623168496097, 34.89164806171204, 39.60638563753361, 28.373285236746053, 36.89650194557198, 52.71739461836356, 45.42174170849286, 43.71067224265729, 21.78276702612297, 43.7028950461863, 42.480568675551744, 49.43335797402779, 23.10487491480631, 48.35455456255611, 34.22248954194886, 34.8184017850215, 41.046698968854315, 51.94154916476394, 38.59005498688738, 42.86944633275977, 25.416471342233738, 34.58612025556159, 57.407853921542994, 29.18676898935844, 43.9310942439509, 29.144182079550024, 53.36979960669193, 43.17755551119274]}, "michael_pena.jpg": {"p014": [23.196526887777996, 32.710899021590734, 35.76379911607184, 25.687423082402212, 27.82000249135741, 26.99641033914817, 21.56798797539489, 29.446558693131003, 23.66765778255307, 29.609962439540233], "p002": [19.026144024111748, 21.140911686549487, 17.71665221251471, 23.917033378025067, 22.902565202964727, 22.354959006550185, 15.178450473775223, 23.886238926505687, 30.368212993393723, 25.686549931185322, 29.04842305563527, 22.715087094743875], "p007": [25.497292158152078, 15.218256518076506, 17.00769493583737, 18.920847474455737, 25.070952356586336, 20.41047587718777, 26.07099984497172, 27.38019982087822, 17.212086256130856, 23.82613279463339, 24.589235099005542, 18.548115359229808, 26.7736739509762, 21.52071049988058, 33.57896281431672, 18.368631757018594, 25.367718247426602, 17.00431611928193, 20.807271754720464, 18.551721168577473, 22.18210688950689, 24.67115933008611, 21.807893135229936, 20.694361257252783, 20.205701788531545, 20.58122444686121], "p020": [22.331884452548923], "p019": [23.576955436175407]},