{"ray.jpg": {"i403": [13.084197906191214, 10.467552973346672, 9.290419624928688, 11.605708375524204, 14.443213896765291, 13.34759699518445, 10.19663929341097, 13.345322131856014, 11.445168430619859, 10.747051169118095, 12.411072776045568, 11.580728772328497, 15.972101787817053, 10.15566167424623, 16.581059886433774, 9.956678629309037, 11.185972039363635, 11.823233028201868, 13.387418684138218, 9.25159639400139, 12.73929935855554, 10.754229988937192, 11.26115995292867, 11.667907537219193, 10.360878260585963, 13.452799472352472, 12.893768370940823, 13.509340169618891, 12.84984334515897, 12.136904220014449, 12.542394169411923, 9.012536697071303, 16.34969179138956, 12.216516949381095], "i290": [10.612863619999501, 10.404775510530778, 11.059879544145176], "i028": [10.358640691719176, 8.173409610927154, 12.144379554047624, 7.914610862858409, 12.621425952782813, 9.786755515796965, 9.956234063589953, 9.169475335253571, 7.7523405872093125, 8.141501316605032, 9.23619730283278, 11.880701600900665, 9.603004449838416]}, "myesha.jpg": {"i251": [7.888226249316772, 7.398906074709359, 8.979437435222655, 8.176738699207077, 8.128503685437414, 9.408184688014773, 7.1898730693153015, 10.059916448015679, 8.714835637114165, 8.371843657288256, 8.76888907493656, 8.625296060640792], "i439": [9.620170635834038, 9.36156215436866, 11.052300552925864, 9.625742744425015, 9.193468507369984, 10.506677904750388, 8.414509611358158, 7.864715630958613, 10.891181370624906, 10.967159560120878, 12.460705284109963, 9.73229044148216, 12.485083397229953], "i030": [10.43894383127753, 10.046652284520674, 7.816136302649407, 11.187093252781045, 11.777939792850912, 8.40394077872407, 7.419699555107841, 9.287372315192034, 8.948159002247932, 6.908629320787566, 11.784308377937029, 7.394933835930918, 8.854569982470807, 9.299930500435275, 7.92390773011286], "i201": [7.167418244373238, 6.2675616145502255], "i433": [8.752808275458229], "i217": [7.558467307317522, 7.996192286126493], "i013": [7.086035661490056], "i232": [7.746315071496462], "i072": [8.158618252812332], "i090": [7.434076261481485, 9.791913108642367]}, "nathan.jpg": {"i255": [9.257207859915125, 9.956812131507709, 10.661640666677265, 10.564388101120837, 10.390063303531175, 9.004366828762619], "i052": [11.184178260745405, 8.569087749091468, 9.692345746116459, 9.545343857481235, 9.710006918866448, 10.65909420651817, 10.098464252731201, 10.43647206355052, 10.504815142856664, 8.874544654076445, 9.71019594437308, 8.951691899043892, 8.088711147775932, 8.87486198869774, 11.58198010285097, 10.582883635297577, 10.231637199636237], "i058": [9.950154794100955, 10.62281137430963, 12.478780212241, 10.034483897251128, 9.563543286964286, 9.784971378498222, 9.668618865807229, 12.492393633156004, 11.425095899595394, 13.72836700599479, 9.101380616255916, 10.874155290749659, 11.721104400114385, 10.087447034866898, 12.030772443229703, 10.612128606341594, 12.302261328023171, 9.377311498400527, 11.93882387280054, 9.11608995747771, 10.667340874204621, 11.353459331430201, 11.22039144911519, 10.622423432111173, 12.475624639584645], "i290": [9.114616536622762, 8.553130935520011]}, "matthew_perry.jpg": {"i024": [10.01704302482543, 10.640341021314628, 7.905103483873386, 8.853700919739001, 10.318116832828899, 9.111659803298183, 8.749564963367463, 7.387696358631037, 14.941397956409588, 8.346596179403857, 9.17347266066792, 8.872798147524161, 8.906271966986774, 9.138514525298689, 13.811565754929472], "i300": [10.049404931479044, 11.241047324099428, 10.022628997550633, 10.192036779667612, 9.029880439862055, 10.379771438357515, 10.040518629376889, 9.847309974299408, 11.139390999250274, 9.487991890567372, 9.071290300722376, 11.979936579171154, 9.873514898125416, 10.73246706798224, 10.356323288921866, 12.16377475135343, 10.01838470164559, 9.877219855436714, 12.211865014720782, 12.190098308136776, 10.87166695644785], "i602": [8.250071445716069, 8.567615355319894, 12.514966330032642, 8.950591098329213, 11.900761305746704, 10.00910802444534, 9.423925859214389, 10.909258383874784, 11.039130865459846], "i075": [8.785388528035584, 8.155077548788572], "i621": [10.206738897588794, 11.822581810924083, 12.074608133549763]}, "lance_reddick.jpg": {"i246": [8.474302890476274, 9.445469301207147, 8.173599631977368, 11.098481740426086, 8.223487111420171, 8.395314995652596, 11.523379255355222, 9.951855645425303, 9.729952707094164, 11.891347323392669, 9.643606210807377, 12.401240746062424, 9.435166342621352, 10.385324310976442, 6.818771796788865, 13.673644410959513, 10.60903876692438, 8.324234680547955, 8.30709886907253, 9.28876602908478, 9.454433873962971, 8.795900091180629, 8.866715910984961, 10.931845901623714, 8.352450378454094, 7.654489427056486, 7.092229542920402, 9.126840537071008, 7.070372446583222, 9.270869332882608, 10.407219552887852, 12.022428659710451], "i224": [7.856369166234255], "i416": [10.071305425223185, 10.463743069506423], "i303": [9.143915523311124, 8.524008321959295, 8.865772758827067, 9.98341880447612, 8.15720073996119, 7.610115103982793, 8.205068887514235, 10.291119782255189, 9.209937883892838, 10.171432903185998, 8.461326310783171], "i231": [8.804487129302759, 7.95023435479179, 7.305794815246074], "i228": [7.5577631273107695]}, "mel_gibson.jpg": {"i299": [10.22580666615181, 9.132965104268296, 8.052359140551728, 6.739253688747018, 11.061700634115539, 10.282794450042553, 11.737844971442254, 8.240181142352167, 8.082328881928484, 8.472953950065362, 8.444400385568104, 7.756970320779824, 11.541097785048267, 8.745407832563373, 11.031923510806612, 9.779124733961755, 10.082995708011818, 8.6564411924592, 8.117807657129223, 8.863403470179616, 9.301583593111177, 8.01354468228179, 9.14753769413384, 7.719980588584257, 9.603210403719984, 10.53515714284549, 10.76189006186461, 9.795945050142425, 6.514447941654914, 7.949704974686917, 7.866822728436854, 8.85433232588375, 9.515220891427587, 8.755393011120015, 10.741933387577747, 13.996591082784487, 10.124380698594688, 8.122685153549572, 9.73455991967424, 9.283184897120679, 8.78882218075501, 8.577205963590002, 9.449218946608626], "i275": [7.153060851280732, 13.489707623578964, 8.528783389908869, 8.515107757798468, 9.5467616089304, 8.719494567863958], "i255": [8.793061360605927]}}