{"ray.jpg": {"i235": [7.632710173842061], "i290": [8.684279379929553, 10.231834019934984, 9.993381341009332, 8.943035323902148, 9.137423693336121, 8.578988330800337, 10.003315240965854, 8.01340694531923, 8.598930102762772, 8.714487944281126, 8.047528522873257, 6.7593508479894595], "i028": [8.570936719171133, 8.38249487866623, 7.196178253511835, 9.89154336745266, 8.982204092875016, 9.101189202622475, 7.054544970851014, 10.333905923529647, 8.641385926740844, 8.267581252670732, 8.450604007514244, 7.657171092921192, 7.038569024601481, 9.902337188242308, 7.516527656006383, 8.3981418475272, 9.008856405254697, 7.219819593606594], "i613": [10.180405125073218, 8.509343448846298, 9.353397239277045, 8.36252612359871, 11.69489151344973, 8.185743998556301, 8.884928853731152, 9.703793261208787, 8.27978847392518, 9.043538710414769, 7.53851073444283, 8.584559719954278, 9.299999280051484, 11.16617629968512, 7.559099426532224], "i403": [6.64892041268418, 7.633297026848932, 7.125475402669013], "i024": [9.206131425808529]}, "myesha.jpg": {"i030": [9.90660090871058, 10.249508144125, 7.567434020178915, 7.552204053794336, 9.231062200971147, 7.9511589940039835, 8.590130094705273, 8.188620522240765, 8.847147190360971, 6.972640839900947, 10.039760106269432, 9.938736019289216, 9.319444668513151, 7.755980924160455, 8.534984044784345, 8.735399385474839, 10.495226096760927, 7.834323876755783, 9.871660529517024, 8.490627244041333], "i202": [10.575127017843208, 8.15928977331262, 8.331900513536308, 7.5645637671640715], "i257": [9.399408300792238, 8.029168674965833, 9.920218458354748, 9.96875309700812, 10.901335247548023, 8.3556514534256, 9.078618616920977, 9.411881223329424, 9.427264300133443], "i232": [8.68653908969369, 8.619883805862539, 7.541999569995947, 8.454709848055282, 7.722927224211016, 7.949924921901164, 8.649534777502694, 9.977979292124694], "i086": [8.880924995719559], "i251": [6.877814130603934, 9.760430973473536, 7.275701825985922, 9.797612466724035, 7.325529518063598, 8.988350283016763], "i252": [8.973404522849506, 7.418344978588129]}, "nathan.jpg": {"i255": [10.054107616175205, 8.925002194456386, 10.163255370335518, 10.875033828176326, 10.488936252214565, 8.64875090527066, 10.253833588756567, 10.042101382388378, 12.759989178489533, 8.528795428274735, 8.883083629825014, 10.645198845380166, 8.612682120007387, 9.29360081806963, 10.319637792566775, 10.20674452007141, 8.172271655824904, 9.841759523005376], "i052": [8.385894680494703, 7.890656397266457, 9.168470775252032, 9.459655109538675, 9.02373814418326, 9.898612708751084, 8.934658017456993, 9.568004425149502, 7.7689763138854175, 9.795414879415217, 8.29628558318692, 8.972704883319702, 7.5002861494658335, 9.993917022717953, 8.98331457119097, 10.44412045336637, 8.398604227681147, 8.15000692212583], "i058": [7.968003138714582, 8.553132502188076, 8.8289115704405, 8.726621717898098, 8.696149196664319, 7.969015839439231], "i290": [9.789022420943871, 8.559647559192696, 9.670965112777104, 9.088490023969792, 11.960596192572272, 9.005139929713572, 10.748242619665806, 9.566459861245995]}, "matthew_perry.jpg": {"i083": [9.78507358006539, 8.07684733394385, 8.519078510247043, 9.67782143585708, 8.566285587776996, 11.112918882930384, 9.355261561545932, 9.41320407266331, 13.125028998932972, 8.053513764078737, 9.514864224522182, 9.390377975363775, 7.893637826189244, 7.678867256525629, 9.423875763923602, 9.971417904883815, 9.167457559793752], "i300": [9.3282620511208, 7.895714171220694, 10.913794982001122, 18.17683186783563, 13.392665438320092, 10.322762186928204, 14.480615593036495, 11.809702441657768, 11.427199648337552, 10.081580528017025, 9.60729059664948, 8.025720360522428, 9.333561111228885, 13.489789424052523, 9.765058758460068, 8.968844371256752, 9.725270789233772, 11.691357861820723], "i602": [11.542104864019285, 9.321775495109264, 10.699127427944738, 8.760532928668889, 9.796986325764871, 10.390782147434118, 10.392939037832386, 9.02709420550062, 11.57372794176527, 8.7372044148437, 9.92582437346408, 10.627551567910126], "i024": [9.573204518966303, 8.87573288883607, 9.633545431664881]}, "lance_reddick.jpg": {"i246": [12.289067030430822, 11.436147799787536, 12.380964256597474, 14.307663939800342, 11.10175230054325, 19.987499524398963, 19.26364921684605, 13.155329959133363, 14.74297027971572, 13.15733985264841, 14.033724833266396, 14.349745376029546, 13.455784322560312, 14.171054150125812, 12.051120953440728, 11.231970316903324, 17.59120494912517, 14.295427897647105, 18.758253837971527, 12.931922101798362, 10.275600219800355, 16.91179032062405, 14.144350093974845, 15.016833206543737, 12.589850427341066, 10.518497359789084, 12.263899325160244, 10.664933361291967, 15.62949957594722, 17.297037826386862, 10.21087363305894, 9.398932377116909, 15.042911489878977, 16.502413471870852], "i294": [7.523272562749319, 11.404196866446334, 9.1731324592465, 10.47303552014338, 9.594074512028788, 14.46215784587572], "i303": [11.168703969847671, 14.607309924589131, 10.998430235629286, 11.072639061503898, 9.572009648532163, 10.470569679421962, 8.6755836410137, 9.64868105711597, 14.627961448586216, 12.244372574989361]}, "mel_gibson.jpg": {"i275": [8.471299034596216, 13.428683937379713, 11.507491072303292, 11.096776762082584, 10.498479106254047, 11.966549874456227, 9.701698925881963, 9.749102710154887, 10.369185566811478, 11.155577030599739, 9.508857033933907, 10.678202927565131, 8.726003062672635, 8.331111368876302, 7.732386277405878, 10.646816559910706, 8.463398855564627, 9.65634506182317, 11.059384414590594, 10.043413927536148, 9.422614948709699, 11.111739583720286, 9.000198471388211, 11.629727977834364, 8.989913215211867, 9.182218342297777, 7.101256156281445, 9.31604996021409, 7.716854026926533, 10.747190117162225, 8.16371873544568, 11.483065450542997, 9.348159343490213], "i017": [7.982748611926911, 6.9125138258679195, 7.496065461276784], "i299": [11.58881538767796, 10.441282677766768, 8.320270517078303, 7.178982639274068, 8.26753963158759, 7.407325019012581], "i616": [8.975729629500231], "i203": [9.186628040733265, 10.865663009315817], "i002": [8.260299581673511, 7.7382469797730185, 8.734152068992936, 9.478568807946521], "i045": [8.533549705183523]}}