{"michael_cera.jpg": {"i079": [11.114454718281788, 10.970829333184442, 10.174474618678325, 10.933566405221288, 9.385180131200196, 11.679086712664317, 9.506585833225955, 11.639239099820115], "i077": [15.545827787071495, 13.902529966002108, 10.811018570499167, 12.161878278392324, 17.029671769881652, 18.169307848445158, 11.584276766700286, 11.91433341618175, 9.517661106753765, 14.363839683556742, 12.426273391681434, 13.53618685335711, 19.343977661224937, 17.163711487348134, 11.956502447638027, 18.990889823674372, 13.446833074895101, 16.344623387145376, 17.729796264468234, 14.33762453076416, 15.345273231941608, 13.164498799735513, 10.41171640217542, 11.625171505213702, 12.015948511862558, 12.787096422071864, 13.946273176261197, 14.368372052725983, 22.47736644611839, 12.001543478817563, 13.98667595625988, 11.720211149571504, 15.24122110254241, 17.536405731573986, 19.699514876259634, 13.124362814781666, 12.957176859572709, 16.29414258451258, 11.41186383152878, 16.639679382398263, 14.37915218202762], "i057": [10.070256321436423]}, "nathan.jpg": {"i052": [7.492310282409692, 8.096512408310199, 8.510683223943522, 10.15015338029616, 9.435726511876366, 9.686408718982277, 8.542419421788736, 8.91486237400775, 8.081378525016133, 8.62264002135574, 8.99686345311496, 8.458098859295955, 11.649229606111486, 8.76055521667538, 8.747781892600404], "i255": [10.906809530550252, 8.870322896560443, 12.549565476738604, 9.903855761828858, 8.853941006777987, 9.488744579240164, 9.549799258448518, 11.320688038741562, 11.59909008044688, 9.52208923326249, 8.820000140420614, 10.728195388008803, 10.077686995413597, 10.768927538490097, 8.892800360087357, 10.36112436572476, 9.680952767782419, 8.96004017009305, 10.428424995562155, 8.34686061487499, 8.352389341255233, 11.455591023515508, 12.290063604543732], "i058": [10.190349890547344, 7.927176651036431, 8.14768128742331, 8.932703901220732, 10.94650527137879], "i290": [9.862967492763792, 8.76424104966644, 8.422576765981805, 9.21185219513171, 9.382490329529581, 8.479795681082738], "i024": [10.633474315492396]}, "matthew_perry.jpg": {"i602": [9.50217843073413, 8.181979237082734, 8.852997160775427, 11.142976618971948, 9.159872043516648, 9.507529784305962, 8.812648991425604, 9.021175047951825, 10.802190898091277, 9.877314129844768, 10.08951155015134], "i083": [9.15611854200364, 9.812267573478602, 9.12762460112174, 10.06975027876511, 7.439054054149727, 11.399956978519281, 9.288186131000426, 10.493834175832832, 8.974939702362864, 12.463319117832434, 7.938753674141469, 9.844298317379728, 10.213225648290038, 8.810615852694013, 9.810234271569097], "i300": [11.554933847886813, 10.382912009050806, 14.212659778626227, 11.395331764971214, 15.2704554956298, 10.968095824818933, 10.388993336191495, 11.15532375420869, 10.288257288957764, 9.691448417915083, 10.774220486029568, 9.500453997603291, 12.456468739557671, 11.615320722068162, 8.806920919424133, 11.627748239316745, 13.567330553303167, 13.147223302302585, 10.005360857032569, 12.184029660914637, 12.461010710872317, 14.461807835980025], "i024": [8.623077885551151, 9.262692938596674]}, "helen_mirren.jpg": {"i202": [11.67959164387609, 11.092691518293718, 9.181718182198788, 11.046011238124224, 8.560057947698335], "i439": [8.509864958165998, 7.758350841113602, 7.302195619843535, 8.901821712750502, 8.98417972982936, 11.401216197054847, 11.09883677143052, 9.464745508196737, 7.678738817203655, 10.615642356951604, 9.703479548058052, 10.127696703352383, 8.249963821145954, 9.305717953097009, 8.156792222584082, 8.984986486710566, 11.460591787225734, 10.38696111390713, 8.80720519147625, 8.079880283201787, 9.304654554947707, 9.901070523027327, 8.353366088167244, 11.635198818568625, 10.66907088481888, 9.647658807182264, 7.34066222096375, 9.88391428947002, 10.818707404930345, 8.219271050791917, 9.713742762048426, 8.124635932608824, 8.183150500937366, 7.799315245542207, 11.959125472865113, 11.20349154535302, 8.447026258415576, 10.559413764774671, 8.73002613393492], "i257": [11.635429403754884, 12.30172357227683, 8.3743915139261, 10.783927484690649, 10.658854921684721, 15.00686769968625]}, "lance_reddick.jpg": {"i246": [10.744598537003961, 11.403753283966683, 17.923194333992036, 11.524574640465135, 15.288168489082432, 18.266899915119645, 15.486930258758019, 13.74720468896203, 10.248867510309658, 17.50366206945303, 13.75345130655223, 16.994158696804924, 14.599284335878481, 12.6570196967486, 20.558034660685117, 16.93443534807908, 16.177546173066094, 11.852098088396321, 10.594192662887883, 12.934086249303261, 12.427456163174785, 12.231496566204296, 8.474896641419118, 10.932893022066146, 13.748146748284318, 9.534769917191436, 13.43603628811341, 16.456604998845336, 14.999887196282646, 16.979643783464393, 13.220495628113117, 12.601683861826116, 12.471985188804736, 14.129921192373187, 15.78827167898916], "i303": [10.957618077135796, 10.15659573829137, 10.097984264355029, 13.508258649931, 9.063796406750537, 14.664177823398983, 8.91162782956433, 12.353000526412304, 10.792949992554659], "i294": [11.570913487886878, 10.662284072563994, 12.424842647795536, 11.55541083985208, 12.07188141124823, 14.127878997759574]}, "michael_pena.jpg": {"i201": [7.75489231380276, 9.63518938257086, 7.877097705977654, 7.468727127641578, 8.599598250976657, 6.965247548641128, 7.675017998778569, 7.255734731440189, 7.634474466444657, 7.646014950731504, 8.9381738532795, 10.17696543018601, 7.201657415108905, 8.839901572120368, 7.778524884783487, 8.746757006084602, 10.108910534761254, 7.132323489630539, 8.670682431893582, 8.022332440843092, 8.748566042085258], "i307": [7.885281054406986, 7.87090312053018, 9.088654939782494, 8.007567364114482, 9.393835599695596, 9.12742272332548, 7.879194418714943, 8.653631617877931, 7.24760532470495, 7.020197328290566, 7.727788687761018, 8.109525883579693, 8.169005301236917, 8.375867165401441, 8.399965824236673, 11.188333384603242, 6.923573314999004, 10.115563354938146, 7.999481584068518, 9.34802406944507, 8.69615224736195, 8.622163851327308, 8.35704929858243, 8.299514081510141, 7.188125336248283, 11.064237573686992], "i292": [7.112135000574179], "i200": [7.458142767476803], "i085": [7.980996059743293]}, "mel_gibson.jpg": {"i275": [9.045621672346991, 7.650918830354575, 8.047239941985211, 14.763004901707136, 9.238832307898893, 10.991519856879025, 11.171994694816194, 7.379104593007615, 8.678195309624993, 12.216277556902575, 9.608594349560633, 8.127311084892382, 9.882571672832382, 9.967737139999269, 10.145880075732881, 8.22988782141827, 9.189554915489765, 9.626198506104362, 11.217872231483279, 12.586966064031433, 8.538365649559188, 9.949493591616292, 11.304907484799482, 9.038311807288697, 9.71431124388479, 8.627746706127022, 11.179704046786421], "i299": [8.960294868802249, 8.634484434696853, 11.21945556079482, 8.563170522046908, 10.082380061914638, 7.554670647097342, 9.52546048341393, 7.439715204362285, 8.854920584468424, 6.753252462965466, 9.650824215821316, 7.657937502486405, 7.3741642574527715, 7.61066849095897, 10.96752597186678, 8.467669279149655], "i002": [8.534006832762584, 7.3874925295128415, 8.285346830153994, 9.978175788851933], "i203": [8.955485606316236], "i045": [9.68525325356045, 6.7544358488514105]}, "aisha_tyler.jpg": {"i079": [7.952846053515847, 6.7670179350671935, 8.255908356186525, 6.164164946641976, 6.59937007232058, 7.971057986440934], "i235": [10.968225186757758, 8.370051941469473, 7.58870534191667, 7.315516498101486, 9.37057181945388],