{"michael_cera.jpg": {"i077": [10.310499505913217, 13.745011678578061, 10.494655431949711, 12.72820687590825, 13.226808897149281, 13.749962099472345, 14.722148501617491, 16.016565121228282, 9.197498714240668, 10.770337179078052, 23.195248414204034, 17.139573635429386, 15.901058960908637, 13.181543805775409, 15.70013108154504, 14.258788887883547, 16.520543743800648, 13.703563253850204, 13.033135783584957, 22.271606622483926, 15.6561940829592, 9.917191062703182, 13.761273822469816, 13.317062567116306, 13.257138405825788, 16.298736821348598, 17.841968053503564, 11.727470690647602, 11.508283708093842, 19.033562886311284, 9.081806314030832, 14.43379607720741], "i079": [15.0747731305431, 9.691923701601292, 12.80349199053651, 10.887267583722698, 10.450272010552684, 12.830806509985496, 10.71361073100761, 13.427623304074926, 12.689914431024338, 14.771641175035333, 12.527027473056181, 14.218023897588353, 14.552353104780291, 13.1531485130468, 11.196230622183366, 14.601720237631508, 13.868154100884603], "i422": [12.469490334499207]}, "nathan.jpg": {"i052": [11.221719004330524, 8.857401084770121, 11.368743037167144, 12.575558972341943, 8.964249305672038, 11.155004662053228, 8.604699837641231, 7.857746837354594, 11.190592830407228, 8.478023710269742, 10.144552552164583, 11.340815098891905, 10.297538962631869, 10.041724284655404, 8.587809067315774, 9.411796892784476, 9.905642083717877, 10.190604326183594, 8.27316958500068], "i058": [12.168250702782455, 8.638361980082921, 10.178123352064613, 8.005845256190543, 8.67279605562024, 9.077710203294624, 11.840471165822283, 13.724631192037226, 8.399277497892173, 8.47772381003651, 11.496567052042352, 9.769344125904912, 11.272483994360648, 10.729945915852358, 10.506381615324022, 10.862892770644876, 10.063470518650554, 9.71341540882201], "i255": [14.033388259282049, 10.970161815050176, 10.586053493821192, 11.696859139322479, 13.081270011719926, 8.261516784735969, 8.669074837595712, 7.958613463872964, 9.535884284309576], "i290": [8.962266685657264, 7.5055244230764835, 11.018951385366902], "i024": [10.41133563643622]}, "matthew_perry.jpg": {"i024": [8.930886070252981, 10.653623120879573, 13.334038344369711, 11.056926114016093, 8.934458621123902, 10.203481095636514, 9.053641976178191, 7.347277601960123, 9.456776873754999, 12.75781637866132, 11.227000758723484, 8.05634126551463, 9.038312422871364, 10.11055322882217, 12.389648306982396], "i300": [9.892470849171824, 8.901704627736732, 13.430557383737273, 9.686097417223252, 9.054977919764724, 9.21810148402674, 11.557009036479595, 8.501654930362308, 10.649867785333027, 8.316174865059361, 10.275988888823864, 9.954607624381252, 9.6513152753864, 9.796731239910557, 10.760486292299259, 9.575930816691686, 10.373421201679763, 11.58249012640941, 11.840032222767068, 10.604080094842788, 13.483865912185337, 12.469195686610552], "i602": [8.975027325703278, 9.444681599180257, 8.918783119501636, 8.378077968528613, 9.721618004521115, 7.731565461395813, 10.229134125591004, 9.02203464321819, 8.557809678084038, 8.335187832449002, 10.341746724281395], "i083": [7.583684806471391, 7.766446015212525]}, "helen_mirren.jpg": {"i439": [9.497927252918998, 8.41672318166883, 11.907538485173982, 8.540266696312107, 8.473700398261883, 10.088040395393634, 10.595040379568964, 10.293437525211612, 6.450684939874289, 8.552523730313501, 9.390046196902937, 10.57067681586703, 11.770662066579524, 9.514550522089596, 7.484352048977063, 8.725393402182041, 11.525695131249874, 9.955263261833199, 11.717479227972154, 11.16858289785401, 8.688534427946692, 9.130486681522388, 6.4282682631088095, 9.06120817656167, 12.143902198127195], "i049": [8.13102746623707], "i264": [8.79744526359173, 7.716332778910837, 8.147172502576955], "i257": [10.118613395498773, 8.953750988558355, 9.75365044648759, 8.401160365654004, 8.504007126016756, 7.942133622847053, 9.204287833336467, 8.74123794411231, 8.318962284988839, 9.223643397983082, 8.814110307809365, 9.741987051016004, 9.858446121537646, 10.189668024268142, 10.181998920889686, 7.902376775745071, 9.521903478046935], "i300": [7.976935374659383, 8.193057934046962], "i202": [7.887670502813926, 6.508547885203556]}, "lance_reddick.jpg": {"i303": [8.212287263481866, 8.803649639891539, 10.209220647907594, 8.813539713886055, 7.703859821083406, 8.875655494756531, 7.431745499458597], "i246": [8.5450103034762, 7.389585796554171, 12.9313880267429, 7.0477185783088165, 7.977249172663753, 14.70485748508833, 13.38859103803413, 8.819144335272128, 16.619889198933315, 10.466197030902691, 7.2099770547004605, 9.596903092489372, 9.536199456996552, 8.088445020185125, 9.69562679753373, 10.231440782548567, 8.775773839150471, 7.6574781770314, 8.09933148435281, 10.246869426723402, 11.70237174205413, 10.186457791683877, 13.183381662651433, 7.746230439548098, 8.377806554676278, 8.299331273853214, 7.5949341915312205, 9.115038350720365, 8.0211494778982, 9.383717399846285, 9.434181191032074, 10.142341496165193], "i294": [7.722150236133096, 8.974853697180984, 7.538437524486809, 7.725644215865375, 7.653571506329684], "i231": [6.451828756510138], "i224": [10.80046096558925], "i286": [10.22829428691524, 7.152615394140048], "i271": [8.637399146465036], "i432": [9.011554133391]}, "michael_pena.jpg": {"i201": [9.059294658053552, 8.308542726965221, 8.01474292593303, 10.19226213640524, 8.656303725865557, 10.189216537046095, 11.637666121289818, 10.527653107741699, 7.780268503356147, 8.784146524894501, 9.935668052265619, 10.90372548501135, 9.336797441673001, 8.535205330372692, 8.2093513878061, 8.298816738816098, 9.94615938218948, 7.619497458632271, 7.854339066743778, 7.763709660981556, 8.13139513150619, 7.682285735056493, 10.17137177450416, 9.897686490901313, 9.181299466523678, 9.416348727573656, 9.852805050531943, 9.043444398498274], "i200": [10.338079029153441, 8.68405474535168, 7.7029312377706205, 8.903328105196909, 8.03050303384046, 8.211116126140713, 8.06077333056796, 9.269301842771295, 8.267330119651394, 12.390680594906625, 11.02367897334749, 8.048697136100454, 7.596690772631469], "i307": [7.324113677444203, 7.164013544228758, 6.592518284952331, 10.583386093483558, 7.823187252640036, 9.4941128244104, 10.7332357906746], "i218": [12.042618555565014, 8.256608481279683]}, "mel_gibson.jpg": {"i275": [10.307172957197503, 9.483875953777478, 10.010496248182692, 8.090462408852222, 7.939189048062619, 10.091985884628194], "i299": [9.026222697837884, 8.712674506510742, 11.683630537232629, 10.323066024287245, 9.033465173705792, 11.484631210087384, 9.309253498254842, 11.294939201652863, 7.876437478881599, 10.829811973773934, 6.664138161061491, 12.07074776757768, 13.033705103197596, 8.521472132413543, 11.491306268147586, 8.124109556066598, 9.3639416586734, 9.350505633820957, 11.162533100477589, 12.258274969585896, 10.081294753745732, 14.60478568032567, 9.564547951969395, 7.783776076153426, 8.804475210863458, 15.989989645551923, 11.245728867848879, 10.295410676010896, 8.522897116549816, 9.261485089190064, 8.352218993059262, 10.42513503870251, 8.575220716713456, 8.953080064500563, 7.664442776884411, 9.282133076527945, 10.932906560171105, 7.351806762826228, 14.3028995601855, 8.569161691668006, 7.795494987734711, 9.080063653277323, 11.156940888436907], "i045": [9.414853469589673]}, "aisha_tyler.jpg": {"i235": [7.778397101670084, 8.184433764569802, 8.219661302131414, 10.052984808657337], "i039": [7.54301409589076], "i200": [8.458110058861966, 7.935989633300639, 7.8432176431056755, 8.91615081361819, 8.331335315787813, 7.9955832498063355, 7.391881712500516, 7.609766495577125, 7.93609542217751, 8.597239246082394, 7.552869158989778, 9.14601288821185, 7.6657096821983, 8.522056217580726, 7.9928468767587715, 9.001876544556096, 8.352635374805494, 8.652357790830333, 9.57760350077981, 8.280843580121735, 7.592051699217407, 11.410562162257555, 7.397944417007653, 9.335987900807138, 8.483775829783426, 7.826695101581861, 7.797212497343398, 7.0740393911353925, 8.147545348452983, 8.60176203049467, 6.81468212852609, 6.410729039243171], "i601": [6.587336526093293],